{
  "accuracy": 0.9411764705882353,
  "precision_weighted": 0.9019607843137254,
  "recall_weighted": 0.9411764705882353,
  "f1_weighted": 0.9176470588235294,
  "cohen_kappa": 0.933852140077821,
  "matthews_correlation_coefficient": 0.9375286115392312,
  "roc_auc_weighted_ovr": 0.9963235294117647,
  "test_samples": 17
}