{
  "train_loss": [
    2.552854061126709,
    1.9600404500961304,
    1.5944066047668457,
    1.349825382232666,
    1.1250206232070923,
    0.9341213703155518,
    0.8182781934738159,
    0.5654680728912354,
    0.5461112856864929,
    0.4057310223579407,
    0.33374276757240295,
    0.2873702943325043,
    0.2550358772277832,
    0.1826169490814209,
    0.16196845471858978,
    0.15655739605426788,
    0.10170654952526093,
    0.08928597718477249,
    0.07464428246021271,
    0.05832087993621826,
    0.05949324741959572,
    0.0525193065404892,
    0.03791555017232895,
    0.04084401577711105,
    0.04070642217993736,
    0.034003887325525284,
    0.051410555839538574,
    0.02393593080341816,
    0.023371171206235886,
    0.018598202615976334,
    0.028113478794693947,
    0.017533985897898674,
    0.011028071865439415,
    0.015927713364362717,
    0.008738404139876366,
    0.00944096501916647,
    0.010739763267338276,
    0.00994910765439272,
    0.015230380930006504,
    0.012215099297463894,
    0.008306752890348434,
    0.01143565122038126,
    0.018461497500538826,
    0.009892458096146584,
    0.011820356361567974,
    0.011628624051809311,
    0.0067735835909843445,
    0.006241982337087393,
    0.006498337257653475,
    0.010355447418987751
  ],
  "val_loss": [
    2.048588514328003,
    1.773107886314392,
    1.5441532135009766,
    1.3525426387786865,
    1.1813411712646484,
    1.0351953506469727,
    0.9055468440055847,
    0.7901880741119385,
    0.6985939145088196,
    0.6266373991966248,
    0.5640305876731873,
    0.5149123072624207,
    0.4737893342971802,
    0.43629080057144165,
    0.4063401222229004,
    0.3807840645313263,
    0.36028772592544556,
    0.3458438813686371,
    0.3343661427497864,
    0.324436217546463,
    0.3179578185081482,
    0.31045204401016235,
    0.3045036792755127,
    0.2984914183616638,
    0.2919861376285553,
    0.2868298888206482,
    0.27907395362854004,
    0.2726348638534546,
    0.26774752140045166,
    0.26457008719444275,
    0.2613255977630615,
    0.2590593099594116,
    0.2581345736980438,
    0.2569434642791748,
    0.2570613920688629,
    0.2574962377548218,
    0.2569338083267212,
    0.25648680329322815,
    0.2565958499908447,
    0.25672921538352966,
    0.2575850784778595,
    0.25915488600730896,
    0.26153385639190674,
    0.2624361515045166,
    0.26372647285461426,
    0.26296645402908325,
    0.2619949281215668,
    0.2612708508968353,
    0.2603108882904053,
    0.2596864104270935
  ],
  "train_acc": [
    0.07575757575757576,
    0.3181818181818182,
    0.5909090909090909,
    0.7878787878787878,
    0.8181818181818182,
    0.8787878787878788,
    0.8333333333333334,
    0.9393939393939394,
    0.9242424242424242,
    0.9848484848484849,
    0.9393939393939394,
    0.9696969696969697,
    0.9696969696969697,
    0.9848484848484849,
    0.9848484848484849,
    0.9696969696969697,
    0.9696969696969697,
    1.0,
    1.0,
    1.0,
    0.9848484848484849,
    1.0,
    1.0,
    1.0,
    1.0,
    1.0,
    0.9848484848484849,
    1.0,
    1.0,
    1.0,
    0.9848484848484849,
    1.0,
    1.0,
    1.0,
    1.0,
    1.0,
    1.0,
    1.0,
    1.0,
    1.0,
    1.0,
    1.0,
    1.0,
    1.0,
    1.0,
    1.0,
    1.0,
    1.0,
    1.0,
    1.0
  ],
  "val_acc": [
    0.4117647058823529,
    0.5882352941176471,
    0.7058823529411765,
    0.8235294117647058,
    0.8235294117647058,
    0.8235294117647058,
    0.8823529411764706,
    0.8823529411764706,
    0.8823529411764706,
    0.8823529411764706,
    0.8823529411764706,
    0.8823529411764706,
    0.8823529411764706,
    0.8823529411764706,
    0.8823529411764706,
    0.8823529411764706,
    0.8823529411764706,
    0.8823529411764706,
    0.9411764705882353,
    0.9411764705882353,
    0.9411764705882353,
    0.9411764705882353,
    0.9411764705882353,
    0.9411764705882353,
    0.9411764705882353,
    0.9411764705882353,
    0.9411764705882353,
    0.9411764705882353,
    0.9411764705882353,
    0.9411764705882353,
    0.9411764705882353,
    0.9411764705882353,
    0.9411764705882353,
    0.9411764705882353,
    0.9411764705882353,
    0.9411764705882353,
    0.9411764705882353,
    0.9411764705882353,
    0.9411764705882353,
    0.9411764705882353,
    0.9411764705882353,
    0.9411764705882353,
    0.9411764705882353,
    0.9411764705882353,
    0.9411764705882353,
    0.9411764705882353,
    0.9411764705882353,
    0.9411764705882353,
    0.9411764705882353,
    0.9411764705882353
  ]
}